family,order_1,order_2,order_3,order_4,order_5,order_6,order_7,order_8,order_9,order_10,order_11,order_12,order_13,order_14,order_15,order_16,order_17,order_18,order_19,order_20,order_21,order_22,order_23,order_24,order_25,order_26,order_27,order_28,order_29,order_30,order_31,order_32,order_33,order_34,order_35,order_36,order_37,order_38,order_39,order_40,order_41,order_42,order_43,order_44,order_45,order_46
3,278,199,7,234,136,48,13,9,190,93,266,310,207,66,88,217,232,174,25,223,51,54,323,172,275,71,145,163,168,191,82,184,58,245,17,114,282,273,112,155,209,143,258,257,,
3,18,105,304,251,271,281,11,60,167,124,244,300,21,96,293,111,272,100,161,126,122,28,43,91,99,239,189,159,226,274,291,267,123,31,74,285,312,314,151,177,34,322,80,306,117,157
3,16,256,162,108,30,222,129,224,228,203,115,153,64,6,130,284,198,206,49,42,230,229,10,315,75,286,261,52,208,270,187,298,160,36,176,,,,,,,,,,,
3,14,98,318,164,264,147,170,311,70,254,73,260,78,192,8,166,321,225,289,154,44,12,22,303,90,1,241,220,23,183,247,104,305,89,139,39,202,63,302,27,173,,,,,
3,188,107,110,295,240,262,15,193,32,3,238,233,72,253,211,67,280,169,259,41,294,152,180,19,76,178,50,288,227,277,38,57,79,242,83,121,45,181,,,,,,,,
3,317,29,194,165,103,250,231,171,243,195,85,134,246,125,128,236,116,144,37,35,252,68,84,120,101,221,56,212,141,146,55,200,26,316,296,132,219,,,,,,,,,
3,40,59,138,2,237,86,301,185,149,290,283,216,214,255,205,135,210,320,65,197,33,182,47,46,313,,,,,,,,,,,,,,,,,,,,,
3,175,53,92,287,307,319,24,131,309,148,113,5,268,94,204,69,218,140,4,186,235,150,95,297,127,215,248,109,196,62,201,,,,,,,,,,,,,,,
2,118,299,276,137,292,156,279,308,213,133,265,81,119,269,158,102,179,142,20,263,61,106,87,97,249,77,,,,,,,,,,,,,,,,,,,,
